﻿Designator,Footprint,Quantity,Value,LCSC Part #
A2,Arduino_UNO_R3,1,Arduino_UNO_R3,
C1,CP_Elec_8x10,1,470u,
C10,0603,1,1uF,
C11,0603,1,100pF,
"C12, C13, C16",0603,3,10nF,
"C14, C15",0402,2,100nF,
"C17, C18",0603,2,470nF,
C3,0603,1,100nF,
"C4, C7",0603,2,10uF,
"C5, C6",0603,2,15pF,
D1,D_SOD-323,1,1N4148WS,
D2,0603,1,LED,
D3,SOT-23,1,BZX84W,
D4,D_SOD-123,1,STPS0520Z,
IC1,SOIC127P599X173-8N,1,MIC3172YM,MIC3172YM
"J2, J3",U.FL_Molex_MCRF_73412-0110_Vertical,2,Conn_Coaxial,
"J4, J5",BatteryHolder_MPD_BH-18650-PC2,2,Conn_01x02_Socket,
J6,USB_C_Receptacle_GCT_USB4125-xx-x_6P_TopMnt_Horizontal,1,USB_C_Receptacle_PowerOnly_6P,
L1,0603,1,47nF,
L2,L_12x12mm_H8mm,1,100uH,
MT1,IC_ICM-45605,1,ICM-45605,
"R1, R2",0603,2,5.1k,
"R10, R16, R4, R5",0603,4,1k,
"R11, R15, R17, R18",0603,4,0,
R12,0603,1,"3,74k",CRCW06033K74DHEAP
R13,0603,1,"1,24k",CRCW06031K24FKEAHP 
R14,0603,1,250R,
"R19, R23, R24, R25, R26, R27, R28, R3, R6, R9",0603,10,10k,
R20,0603,1,20k,
R22,0603,1,100R,
"R7, R8",0603,2,4.7k,
"SW1, SW2, SW3",JST_PH_S2B-PH-K_1x02_P2.00mm_Horizontal,3,SW_Push,
U2,XCVR_L76L-M33,1,L76L-M33,
U3,Ai-Thinker-Ra-01-LoRa,1,Ai-Thinker-Ra-02,
U4,SOT-23-6,1,BQ21040DBV, BQ21040DBVR 
U5,SOT-23-5,1,BU33SD5WG, BU33SD5WG-TR 
VEXTD1,"PhoenixContact_MC_1,5_2-G-3.81_1x02_P3.81mm_Horizontal",1,Conn_01x02_Socket,
